Year,Rank,Team,Win %,Roster,Payroll,Injured Reserve,Retained,Buried,Suspended,Total Payroll
2022,1,New York Mets,0.623,31,"$231,062,889 ","$4,155,954 ","$42,547,559 ","$14,468,000 ",-,"$282,709,066 "
2022,2,Los Angeles Dodgers,0.685,28,"$228,303,922 ","$28,920,266 ","$12,847,856 ","$7,040,000 ","$35,333,333 ","$275,629,360 "
2022,3,New York Yankees,0.611,28,"$211,076,255 ","$28,804,213 ","$24,092,094 ","$9,307,500 ",-,"$264,934,200 "
2022,4,Philadelphia Phillies,0.537,28,"$191,657,795 ","$11,897,332 ","$41,615,614 ","$17,478,000 ",-,"$255,054,497 "
2022,5,San Diego Padres,0.549,28,"$164,434,032 ","$19,425,000 ","$47,701,148 ","$6,304,700 ","$5,714,286 ","$236,684,494 "
2022,6,Boston Red Sox,0.481,28,"$110,253,762 ","$50,392,677 ","$59,861,335 ","$6,100,000 ",-,"$223,176,946 "
2022,7,Chicago White Sox,0.5,28,"$155,928,513 ","$20,008,123 ","$30,414,401 ","$4,911,000 ",-,"$208,313,226 "
2022,8,Atlanta Braves,0.623,28,"$142,380,980 ","$24,418,726 ","$27,785,054 ","$13,110,000 ",-,"$200,067,952 "
2022,9,Houston Astros,0.654,28,"$144,964,729 ","$21,550,000 ","$24,281,583 ","$7,031,800 ",-,"$192,931,925 "
2022,10,Los Angeles Angels,0.451,28,"$118,004,252 ","$6,978,028 ","$62,880,294 ","$17,590,000 ",-,"$192,890,060 "
2022,11,Toronto Blue Jays,0.568,29,"$141,674,814 ","$25,698,159 ","$19,779,308 ","$7,768,000 ",-,"$188,895,270 "
2022,12,St. Louis Cardinals,0.574,28,"$140,673,541 ","$8,750,000 ","$17,314,113 ","$8,786,550 ",-,"$170,122,625 "
2022,13,San Francisco Giants,0.5,28,"$43,246,200 ","$89,082,706 ","$26,360,022 ","$7,983,000 ",-,"$168,161,466 "
2022,14,Chicago Cubs,0.457,28,"$83,228,504 ","$44,219,852 ","$35,239,459 ","$9,707,000 ",-,"$166,068,737 "
2022,15,Texas Rangers,0.42,28,"$101,239,086 ","$13,330,822 ","$41,322,329 ","$9,940,000 ",-,"$161,335,446 "
2022,16,Minnesota Twins,0.481,28,"$70,981,822 ","$58,934,173 ","$28,014,794 ","$5,200,000 ",-,"$159,051,658 "
2022,17,Colorado Rockies,0.42,28,"$66,960,029 ","$64,172,808 ","$26,708,805 ","$3,520,000 ",-,"$158,887,118 "
2022,18,Detroit Tigers,0.407,28,"$106,189,272 ","$13,017,207 ","$28,837,063 ","$6,775,000 ",-,"$149,991,588 "
2022,19,Milwaukee Brewers,0.531,28,"$93,743,089 ","$5,763,506 ","$38,560,513 ","$10,541,668 ",-,"$142,781,825 "
2022,20,Washington Nationals,0.34,28,"$58,988,509 ","$40,679,307 ","$40,343,124 ","$6,467,700 ",-,"$141,522,735 "
2022,21,Seattle Mariners,0.556,28,"$86,170,408 ","$9,896,644 ","$27,227,033 ","$10,921,600 ",-,"$128,709,907 "
2022,22,Cincinnati Reds,0.383,28,"$23,815,248 ","$61,230,258 ","$40,533,073 ","$7,702,500 ",-,"$127,448,057 "
2022,23,Arizona Diamondbacks,0.457,28,"$53,510,136 ","$19,324,958 ","$29,283,607 ","$9,395,200 ",-,"$106,147,623 "
2022,24,Kansas City Royals,0.401,28,"$62,728,828 ","$6,413,200 ","$34,248,010 ","$9,404,000 ",-,"$105,345,711 "
2022,25,Tampa Bay Rays,0.531,30,"$50,869,016 ","$33,372,433 ","$17,426,726 ","$8,193,400 ",-,"$104,313,773 "
2022,26,Miami Marlins,0.426,28,"$49,341,980 ","$21,699,362 ","$23,363,007 ","$7,714,500 ",-,"$96,342,822 "
2022,27,Pittsburgh Pirates,0.383,28,"$30,472,503 ","$8,449,026 ","$32,034,138 ","$12,401,800 ",-,"$85,145,332 "
2022,28,Cleveland Guardians,0.568,28,"$56,507,878 ","$702,900 ","$20,199,812 ","$11,412,200 ",-,"$82,057,492 "
2022,29,Baltimore Orioles,0.512,29,"$22,153,546 ","$5,709,974 ","$33,052,358 ","$11,945,500 ",-,"$64,771,388 "
2022,30,Oakland Athletics,0.37,28,"$15,034,323 ","$6,642,582 ","$35,539,727 ","$10,600,000 ",-,"$61,017,600 "
2021,1,Los Angeles Dodgers,0.654,28,"$174,661,542 ","$38,501,103 ","$15,717,021 ","$24,070,000 ",-,"$275,587,309 "
2021,2,New York Yankees,0.568,30,"$141,518,753 ","$48,217,362 ","$22,494,512 ","$13,040,875 ",-,"$216,034,663 "
2021,3,Philadelphia Phillies,0.506,27,"$147,714,046 ","$19,936,225 ","$26,659,616 ","$10,533,500 ",-,"$210,068,923 "
2021,4,New York Mets,0.475,29,"$176,565,754 ","$11,933,570 ","$16,222,846 ","$12,006,000 ",-,"$207,887,089 "
2021,5,Houston Astros,0.586,28,"$147,127,725 ","$39,870,546 ","$11,736,705 ","$7,547,600 ",-,"$202,074,541 "
2021,6,Boston Red Sox,0.568,28,"$141,452,731 ","$2,832,729 ","$56,233,893 ","$10,227,500 ",-,"$201,960,184 "
2021,7,Los Angeles Angels,0.475,28,"$30,467,086 ","$100,777,679 ","$59,585,619 ","$8,254,500 ",-,"$193,272,058 "
2021,8,San Diego Padres,0.488,28,"$125,977,584 ","$49,745,500 ","$14,679,816 ","$6,926,300 ",-,"$191,897,572 "
2021,9,San Francisco Giants,0.66,28,"$134,386,796 ","$19,766,740 ","$25,241,419 ","$16,549,200 ",-,"$184,173,508 "
2021,10,St. Louis Cardinals,0.556,28,"$136,018,560 ","$14,512,682 ","$32,101,129 ","$5,171,100 ",-,"$183,811,994 "
2021,11,Atlanta Braves,0.547,31,"$115,664,387 ","$3,301,950 ","$26,822,404 ","$8,925,000 ",-,"$162,150,458 "
2021,12,Toronto Blue Jays,0.562,28,"$108,402,749 ","$8,853,529 ","$39,544,321 ","$9,968,100 ",-,"$161,369,453 "
2021,13,Washington Nationals,0.401,28,"$50,076,145 ","$34,877,122 ","$72,492,932 ","$6,925,200 ",-,"$159,846,787 "
2021,14,Chicago Cubs,0.438,28,"$33,910,889 ","$38,534,396 ","$82,417,709 ","$1,717,500 ",-,"$155,530,970 "
2021,15,Chicago White Sox,0.574,28,"$125,829,369 ","$3,193,240 ","$21,736,143 ","$5,997,000 ",-,"$152,563,169 "
2021,16,Cincinnati Reds,0.512,28,"$85,325,437 ","$35,531,500 ","$23,989,709 ","$5,156,000 ",-,"$146,350,747 "
2021,17,Minnesota Twins,0.451,28,"$83,609,495 ","$13,198,044 ","$33,640,119 ","$9,234,500 ",-,"$133,790,506 "
2021,18,Colorado Rockies,0.46,28,"$79,895,422 ","$5,931,272 ","$32,044,156 ","$7,398,500 ",-,"$128,881,166 "
2021,19,Milwaukee Brewers,0.586,28,"$79,937,621 ","$3,109,474 ","$25,289,754 ","$12,221,766 ",-,"$114,400,515 "
2021,20,Texas Rangers,0.37,28,"$24,843,032 ","$7,899,375 ","$75,978,700 ","$9,453,000 ",-,"$112,850,819 "
2021,21,Detroit Tigers,0.475,28,"$61,408,153 ","$13,503,703 ","$30,118,452 ","$4,374,100 ",-,"$108,114,645 "
2021,22,Kansas City Royals,0.457,28,"$52,514,932 ","$15,758,956 ","$36,245,584 ","$5,147,900 ",-,"$106,100,345 "
2021,23,Arizona Diamondbacks,0.321,29,"$53,829,878 ","$8,694,478 ","$37,815,112 ","$8,056,000 ",-,"$103,179,829 "
2021,24,Oakland Athletics,0.531,28,"$51,210,210 ","$34,397,095 ","$12,196,611 ","$4,158,000 ","$580,500 ","$100,097,098 "
2021,25,Seattle Mariners,0.556,28,"$57,025,609 ","$16,037,933 ","$20,863,679 ","$8,276,000 ","$570,500 ","$96,697,048 "
2021,26,Tampa Bay Rays,0.617,28,"$44,288,651 ","$18,352,159 ","$20,292,825 ","$7,136,100 ",-,"$84,911,127 "
2021,27,Miami Marlins,0.414,28,"$16,304,223 ","$15,489,077 ","$40,598,194 ","$9,320,500 ",-,"$74,815,190 "
2021,28,Pittsburgh Pirates,0.377,28,"$16,572,841 ","$7,847,255 ","$39,428,302 ","$7,368,500 ","$7,750,000 ","$73,795,309 "
2021,29,Cleveland Indians,0.494,28,"$35,682,311 ","$1,367,760 ","$24,746,944 ","$5,174,000 ",-,"$63,543,934 "
2021,30,Baltimore Orioles,0.321,28,"$13,838,690 ","$7,682,535 ","$47,503,653 ","$5,737,200 ",-,"$59,546,570 "
2020,1,New York Yankees,0.55,28,"$77,215,694 ","$9,920,725 ","$27,670,377 ","$6,593,300 ",-,"$115,626,481 "
2020,2,Los Angeles Dodgers,0.717,28,"$77,165,961 ","$493,889 ","$23,151,530 ","$11,339,500 ",-,"$114,151,397 "
2020,3,Chicago Cubs,0.567,28,"$66,116,504 ","$6,448,626 ","$19,331,263 ","$11,069,500 ",-,"$93,462,971 "
2020,4,Boston Red Sox,0.4,29,"$36,071,047 ","$16,644,224 ","$20,803,004 ","$19,962,928 ",-,"$89,460,390 "
2020,5,New York Mets,0.433,28,"$46,360,406 ","$15,399,881 ","$25,917,790 ","$4,947,000 ",-,"$89,444,598 "
2020,6,San Diego Padres,0.617,28,"$54,293,958 ","$3,531,020 ","$26,651,219 ","$6,086,600 ",-,"$85,277,958 "
2020,7,Houston Astros,0.483,28,"$61,049,512 ","$18,763,334 ","$2,553,000 ","$6,075,200 ",-,"$84,839,161 "
2020,8,San Francisco Giants,0.483,28,"$40,562,214 ","$1,428,006 ","$23,489,118 ","$22,631,250 ",-,"$82,901,317 "
2020,9,St. Louis Cardinals,0.517,28,"$51,757,860 ","$12,343,763 ","$20,815,000 ","$7,340,100 ",-,"$82,061,343 "
2020,10,Philadelphia Phillies,0.467,28,"$57,105,401 ","$13,236,891 ","$10,862,073 ","$6,399,500 ",-,"$81,743,547 "
2020,11,Washington Nationals,0.433,28,"$45,664,863 ","$20,500,582 ","$13,784,096 ","$2,563,500 ",-,"$81,714,703 "
2020,12,Colorado Rockies,0.433,28,"$23,940,328 ","$17,205,744 ","$41,184,652 ","$4,017,500 ",-,"$78,141,333 "
2020,13,Los Angeles Angels,0.433,28,"$56,525,010 ","$509,650 ","$10,810,490 ","$6,884,500 ",-,"$73,495,093 "
2020,14,Arizona Diamondbacks,0.417,28,"$20,283,697 ","$1,589,593 ","$47,201,346 ","$4,524,600 ","$563,500 ","$72,783,652 "
2020,15,Texas Rangers,0.367,28,"$30,877,925 ","$16,905,177 ","$22,613,320 ","$4,301,000 ",-,"$71,489,137 "
2020,16,Atlanta Braves,0.583,28,"$50,458,292 ","$7,255,497 ","$4,997,084 ","$17,610,000 ",-,"$67,558,731 "
2020,17,Chicago White Sox,0.583,28,"$43,034,329 ","$1,819,815 ","$20,070,142 ","$6,821,500 ",-,"$65,922,751 "
2020,18,Toronto Blue Jays,0.533,28,"$33,467,052 ","$5,114,444 ","$24,874,355 ","$6,643,100 ",-,"$65,204,385 "
2020,19,Cincinnati Reds,0.517,27,"$51,854,326 ","$658,696 ","$10,468,138 ","$6,117,500 ",-,"$64,081,890 "
2020,20,Seattle Mariners,0.45,28,"$24,865,136 ","$3,268,960 ","$41,369,812 ","$5,731,000 ",-,"$61,094,929 "
2020,21,Minnesota Twins,0.6,28,"$45,057,558 ","$6,876,058 ","$11,643,300 ","$6,669,000 ",-,"$60,009,689 "
2020,22,Detroit Tigers,0.397,28,"$29,636,694 ","$6,108,631 ","$20,456,826 ","$5,099,700 ",-,"$57,133,480 "
2020,23,Kansas City Royals,0.433,28,"$25,320,148 ","$7,093,210 ","$13,984,114 ","$6,818,450 ",-,"$47,332,194 "
2020,24,Milwaukee Brewers,0.483,28,"$28,464,819 ","$1,203,704 ","$9,902,838 ","$4,963,300 ",-,"$46,851,986 "
2020,25,Cleveland Indians,0.583,28,"$34,471,070 ","$209,630 ","$10,659,241 ","$4,642,500 ","$564,800 ","$46,689,107 "
2020,26,Miami Marlins,0.517,28,"$14,721,932 ","$2,897,429 ","$23,639,962 ","$10,427,000 ",-,"$42,860,293 "
2020,27,Oakland Athletics,0.6,28,"$35,283,875 ","$902,038 ","$5,560,548 ","$3,957,000 ",-,"$42,167,578 "
2020,28,Pittsburgh Pirates,0.317,28,"$12,738,842 ","$8,462,127 ","$15,348,908 ","$2,817,500 ","$5,750,000 ","$38,249,237 "
2020,29,Baltimore Orioles,0.417,28,"$10,252,278 ","$11,102,531 ","$14,936,895 ","$3,402,900 ",-,"$37,150,935 "
2020,30,Tampa Bay Rays,0.667,28,"$21,769,463 ","$1,958,020 ","$9,561,151 ","$9,537,125 ",-,"$35,764,889 "
2019,1,New York Yankees,0.636,36,"$171,935,047 ","$42,325,463 ","$22,093,019 ","$2,220,000 ",-,"$237,339,837 "
2019,2,Boston Red Sox,0.519,37,"$165,856,221 ","$37,583,783 ","$32,847,000 ","$2,665,000 ",-,"$236,155,306 "
2019,3,Chicago Cubs,0.519,38,"$197,683,216 ","$11,093,615 ","$20,832,127 ","$7,831,500 ",-,"$234,146,985 "
2019,4,Los Angeles Dodgers,0.654,35,"$157,394,622 ","$1,341,835 ","$55,309,680 ","$7,775,000 ",-,"$220,337,614 "
2019,5,San Francisco Giants,0.475,40,"$137,019,224 ","$9,768,564 ","$43,841,402 ","$2,752,500 ",-,"$191,181,626 "
2019,6,St. Louis Cardinals,0.562,38,"$135,823,456 ","$21,794,083 ","$25,236,351 ","$1,455,000 ",-,"$183,125,764 "
2019,7,Washington Nationals,0.574,39,"$155,857,858 ","$1,369,684 ","$23,816,205 ","$2,929,600 ",-,"$182,061,388 "
2019,8,Houston Astros,0.66,34,"$155,036,881 ","$11,713,065 ","$10,963,566 ","$1,110,000 ",-,"$177,991,024 "
2019,9,Los Angeles Angels,0.444,37,"$114,316,581 ","$15,868,930 ","$41,433,922 ","$4,641,000 ",-,"$174,039,553 "
2019,10,Philadelphia Phillies,0.5,37,"$82,703,582 ","$67,270,903 ","$13,130,313 ","$2,640,000 ",-,"$169,267,044 "
2019,11,Colorado Rockies,0.438,37,"$120,578,212 ","$12,420,904 ","$27,787,040 ","$6,949,500 ",-,"$167,081,429 "
2019,12,Texas Rangers,0.481,34,"$85,904,339 ","$26,592,526 ","$49,760,701 ","$8,840,000 ",-,"$167,047,066 "
2019,13,New York Mets,0.531,39,"$104,490,573 ","$16,519,542 ","$37,112,967 ","$3,670,000 ",-,"$158,727,812 "
2019,14,Atlanta Braves,0.599,36,"$117,758,736 ","$8,328,689 ","$31,162,406 ","$1,665,000 ",-,"$157,318,463 "
2019,15,Seattle Mariners,0.42,36,"$84,703,863 ","$5,638,913 ","$61,560,576 ","$5,012,500 ","$1,800,000 ","$154,718,793 "
2019,16,Milwaukee Brewers,0.549,38,"$107,189,797 ","$8,283,400 ","$30,991,918 ","$1,110,000 ",-,"$146,632,219 "
2019,17,Cincinnati Reds,0.463,34,"$84,680,306 ","$580,000 ","$56,199,891 ","$1,735,000 ",-,"$141,817,269 "
2019,18,Minnesota Twins,0.623,37,"$96,059,595 ","$1,773,872 ","$33,499,031 ","$1,670,000 ","$8,000,000 ","$139,598,803 "
2019,19,Arizona Diamondbacks,0.525,36,"$64,640,742 ","$11,699,600 ","$44,978,083 ","$18,087,600 ",-,"$137,598,405 "
2019,20,Detroit Tigers,0.292,32,"$72,709,746 ","$14,738,806 ","$40,975,311 ","$3,361,600 ",-,"$129,457,937 "
2019,21,Toronto Blue Jays,0.414,36,"$36,637,976 ","$8,512,071 ","$79,060,662 ","$3,233,800 ",-,"$125,080,567 "
2019,22,Kansas City Royals,0.364,35,"$68,625,332 ","$11,895,598 ","$41,351,935 ","$1,910,000 ",-,"$122,917,553 "
2019,23,San Diego Padres,0.432,39,"$66,001,794 ","$10,746,013 ","$42,379,856 ","$2,460,400 ",-,"$121,265,690 "
2019,24,Cleveland Indians,0.574,36,"$83,738,008 ","$6,588,308 ","$25,639,897 ","$3,351,400 ",-,"$116,873,252 "
2019,25,Chicago White Sox,0.447,30,"$67,330,431 ","$10,267,750 ","$32,008,897 ","$4,441,000 ",-,"$110,299,401 "
2019,26,Oakland Athletics,0.599,35,"$78,259,128 ","$622,664 ","$25,567,405 ","$2,785,000 ",-,"$105,091,431 "
2019,27,Miami Marlins,0.352,32,"$66,602,760 ","$3,001,903 ","$24,903,220 ","$4,690,000 ",-,"$95,531,471 "
2019,28,Baltimore Orioles,0.333,36,"$52,801,617 ","$9,822,272 ","$24,780,076 ","$7,213,500 ",-,"$89,210,289 "
2019,29,Pittsburgh Pirates,0.426,40,"$28,229,108 ","$19,571,272 ","$32,969,543 ","$1,255,000 ",-,"$85,647,874 "
2019,30,Tampa Bay Rays,0.593,39,"$54,345,374 ","$644,520 ","$21,982,688 ","$1,665,000 ",-,"$77,077,022 "
2018,1,Boston Red Sox,0.667,36,"$167,955,780 ","$18,074,000 ","$53,183,760 ","$2,180,000 ",-,"$238,826,760 "
2018,2,San Francisco Giants,0.451,32,"$119,689,218 ","$64,341,827 ","$39,320,053 ","$3,283,000 ",-,"$223,849,348 "
2018,3,Los Angeles Dodgers,0.564,40,"$160,502,596 ","$3,908,850 ","$40,812,719 ","$5,590,000 ",-,"$209,853,085 "
2018,4,Chicago Cubs,0.583,37,"$152,092,957 ","$37,451,220 ","$15,260,394 ","$2,725,000 ","$3,200,000 ","$208,303,433 "
2018,5,New York Yankees,0.617,38,"$148,010,829 ","$22,568,376 ","$22,797,814 ","$3,130,000 ",-,"$193,646,551 "
2018,6,Washington Nationals,0.506,35,"$130,197,979 ","$8,999,485 ","$49,762,220 ","$4,481,000 ",-,"$189,983,109 "
2018,7,Los Angeles Angels,0.494,37,"$91,914,083 ","$57,532,566 ","$39,252,380 ","$1,635,000 ",-,"$188,842,599 "
2018,8,St. Louis Cardinals,0.543,36,"$113,991,329 ","$27,345,600 ","$30,620,898 ","$2,310,900 ",-,"$173,497,411 "
2018,9,Seattle Mariners,0.549,38,"$136,839,663 ","$13,496,812 ","$19,726,540 ","$4,025,600 ",-,"$171,359,027 "
2018,10,Houston Astros,0.636,36,"$158,520,510 ","$556,400 ","$11,340,064 ","$2,189,400 ",-,"$170,837,016 "
2018,11,New York Mets,0.475,33,"$82,655,203 ","$49,831,436 ","$30,924,461 ","$5,452,000 ","$1,792,000 ","$165,798,187 "
2018,12,Toronto Blue Jays,0.451,37,"$81,293,347 ","$20,481,474 ","$61,779,916 ","$5,450,000 ",-,"$163,985,447 "
2018,13,Cleveland Indians,0.562,35,"$123,970,545 ","$12,836,166 ","$20,535,008 ","$3,277,000 ",-,"$158,417,163 "
2018,14,Texas Rangers,0.414,35,"$96,239,016 ","$6,683,451 ","$52,793,251 ","$3,325,000 ",-,"$156,482,018 "
2018,15,Colorado Rockies,0.558,35,"$131,213,168 ","$7,545,000 ","$15,826,400 ","$3,277,000 ",-,"$155,352,544 "
2018,16,Arizona Diamondbacks,0.506,35,"$109,501,628 ","$14,124,025 ","$15,502,485 ","$15,151,500 ",-,"$153,196,497 "
2018,17,Detroit Tigers,0.395,33,"$67,047,516 ","$37,720,870 ","$42,675,399 ","$4,187,600 ",-,"$149,233,389 "
2018,18,Kansas City Royals,0.358,30,"$83,618,228 ","$7,189,167 ","$51,022,105 ","$4,398,500 ",-,"$143,155,021 "
2018,19,Baltimore Orioles,0.29,38,"$69,637,987 ","$12,650,000 ","$54,560,480 ","$3,726,500 ","$3,000,000 ","$141,423,107 "
2018,20,Atlanta Braves,0.556,37,"$73,767,565 ","$13,299,094 ","$50,057,955 ","$5,180,000 ",-,"$138,514,395 "
2018,21,Minnesota Twins,0.481,35,"$56,254,373 ","$29,213,890 ","$41,364,227 ","$2,215,000 ",-,"$127,609,220 "
2018,22,Milwaukee Brewers,0.589,36,"$89,888,839 ","$7,321,500 ","$23,593,050 ","$3,275,700 ",-,"$121,191,916 "
2018,23,San Diego Padres,0.407,33,"$50,169,797 ","$6,764,800 ","$61,394,930 ","$4,274,200 ","$545,000 ","$120,759,135 "
2018,24,Cincinnati Reds,0.414,30,"$82,511,299 ","$1,344,890 ","$28,122,487 ","$4,395,000 ",-,"$113,185,768 "
2018,25,Philadelphia Phillies,0.494,40,"$88,497,828 ",-,"$22,264,584 ","$2,045,000 ",-,"$111,106,852 "
2018,26,Miami Marlins,0.391,31,"$43,033,514 ","$15,407,490 ","$48,333,160 ","$6,200,000 ",-,"$109,130,560 "
2018,27,Pittsburgh Pirates,0.509,34,"$67,576,415 ","$4,670,500 ","$32,024,714 ","$3,302,000 ",-,"$105,558,461 "
2018,28,Chicago White Sox,0.383,32,"$57,261,542 ","$5,920,130 ","$24,935,842 ","$4,935,000 ",-,"$89,094,208 "
2018,29,Tampa Bay Rays,0.556,35,"$25,668,988 ","$2,213,706 ","$55,490,123 ","$8,225,000 ",-,"$88,356,267 "
2018,30,Oakland Athletics,0.599,35,"$61,525,657 ","$4,972,604 ","$16,664,331 ","$6,745,000 ",-,"$86,860,988 "
2017,1,Los Angeles Dodgers,0.642,39,"$184,284,091 ","$22,654,516 ","$49,598,156 ","$11,675,000 ",-,"$267,225,125 "
2017,2,Boston Red Sox,0.574,38,"$172,158,546 ","$5,941,108 ","$43,344,974 ","$2,605,000 ",-,"$222,620,008 "
2017,3,New York Yankees,0.562,37,"$164,826,896 ","$7,867,680 ","$48,018,487 ","$2,305,000 ",-,"$221,538,752 "
2017,4,Detroit Tigers,0.395,35,"$90,755,330 ","$18,000,000 ","$87,587,216 ","$4,226,400 ",-,"$198,211,184 "
2017,5,San Francisco Giants,0.395,35,"$171,792,784 ","$7,219,058 ","$14,371,372 ","$6,605,000 ",-,"$197,823,209 "
2017,6,Washington Nationals,0.599,36,"$164,639,852 ","$11,351,707 ","$13,106,490 ","$1,605,000 ",-,"$189,492,654 "
2017,7,Toronto Blue Jays,0.469,35,"$125,422,069 ","$22,811,106 ","$39,777,802 ","$8,395,700 ",-,"$187,980,487 "
2017,8,Chicago Cubs,0.568,36,"$161,127,834 ",-,"$21,056,200 ","$1,070,000 ",-,"$182,400,336 "
2017,9,Baltimore Orioles,0.463,35,"$163,601,626 ",-,"$13,441,468 ","$8,935,000 ",-,"$181,470,007 "
2017,10,Los Angeles Angels,0.494,35,"$109,185,825 ","$16,095,730 ","$51,574,286 ","$3,210,000 ",-,"$177,487,209 "
2017,11,Texas Rangers,0.481,36,"$126,365,185 ","$1,074,360 ","$46,615,196 ","$5,774,990 ",-,"$176,159,040 "
2017,12,Seattle Mariners,0.481,35,"$126,620,983 ","$23,249,738 ","$20,095,977 ","$7,066,500 ",-,"$171,355,830 "
2017,13,Kansas City Royals,0.494,36,"$125,678,691 ","$1,046,749 ","$30,679,515 ","$3,391,100 ",-,"$158,941,822 "
2017,14,New York Mets,0.432,34,"$48,736,470 ","$44,924,726 ","$61,115,002 ","$535,000 ",-,"$154,834,658 "
2017,15,Houston Astros,0.623,40,"$132,536,382 ","$835,843 ","$14,790,338 ","$2,535,000 ",-,"$150,215,177 "
2017,16,St. Louis Cardinals,0.512,37,"$107,961,954 ","$6,935,000 ","$33,240,225 ","$1,747,500 ",-,"$148,724,185 "
2017,17,Colorado Rockies,0.537,35,"$105,029,084 ",-,"$42,495,991 ","$2,152,000 ",-,"$148,201,941 "
2017,18,Cleveland Indians,0.63,39,"$116,072,319 ","$6,129,713 ","$19,306,075 ","$1,070,000 ",-,"$141,557,798 "
2017,19,Minnesota Twins,0.525,34,"$75,616,449 ","$22,830,000 ","$34,602,609 ","$5,690,000 ",-,"$136,154,171 "
2017,20,Miami Marlins,0.475,31,"$72,360,311 ","$21,441,206 ","$24,474,819 ","$5,169,000 ",-,"$121,457,599 "
2017,21,Arizona Diamondbacks,0.574,36,"$81,644,775 ","$19,379,200 ","$18,601,416 ","$1,070,000 ",-,"$119,648,775 "
2017,22,Philadelphia Phillies,0.407,32,"$23,135,934 ","$16,578,578 ","$76,638,022 ","$1,605,000 ",-,"$116,469,208 "
2017,23,Atlanta Braves,0.444,35,"$80,713,434 ","$1,997,766 ","$31,275,083 ","$3,342,500 ",-,"$115,455,675 "
2017,24,Pittsburgh Pirates,0.463,36,"$66,496,313 ","$16,750,000 ","$26,368,328 ","$1,605,000 ",-,"$112,490,330 "
2017,25,Cincinnati Reds,0.42,35,"$64,567,947 ","$16,021,450 ","$29,445,806 ","$1,073,000 ",-,"$110,478,803 "
2017,26,Chicago White Sox,0.414,30,"$32,540,383 ","$7,571,000 ","$67,753,296 ","$2,680,000 ",-,"$108,389,688 "
2017,27,Tampa Bay Rays,0.494,36,"$63,018,694 ","$6,867,218 ","$23,326,355 ","$2,675,600 ",-,"$93,139,105 "
2017,28,San Diego Padres,0.438,32,"$24,930,424 ","$5,182,750 ","$57,236,183 ","$9,969,600 ",-,"$92,363,878 "
2017,29,Oakland Athletics,0.463,33,"$31,723,817 ","$1,437,784 ","$51,699,618 ","$3,747,500 ",-,"$85,987,680 "
2017,30,Milwaukee Brewers,0.531,34,"$57,578,930 ","$547,000 ","$20,577,114 ","$9,463,200 ",-,"$83,488,679 "
2016,1,Los Angeles Dodgers,0.562,40,"$193,881,011 ","$13,288,890 ","$65,284,647 ","$9,090,000 ",-,"$279,377,294 "
2016,2,New York Yankees,0.519,36,"$159,213,515 ","$10,509,409 ","$57,435,466 ","$1,522,500 ",-,"$227,940,376 "
2016,3,Boston Red Sox,0.574,35,"$165,121,274 ","$19,567,513 ","$9,552,448 ","$23,874,428 ",-,"$215,116,336 "
2016,4,Detroit Tigers,0.534,34,"$163,019,728 ","$28,189,200 ","$14,395,864 ","$2,555,000 ",-,"$205,900,085 "
2016,5,Chicago Cubs,0.64,36,"$161,378,832 ","$2,050,500 ","$22,737,486 ","$3,230,000 ",-,"$187,677,394 "
2016,6,San Francisco Giants,0.537,36,"$176,177,032 ","$487,120 ","$5,583,165 ","$4,352,500 ",-,"$182,827,044 "
2016,7,Los Angeles Angels,0.457,33,"$89,878,997 ","$39,667,205 ","$48,706,790 ","$6,071,500 ",-,"$180,743,007 "
2016,8,Texas Rangers,0.586,37,"$134,724,626 ","$21,458,018 ","$12,952,224 ","$2,033,000 ",-,"$169,320,990 "
2016,9,St. Louis Cardinals,0.531,36,"$132,790,389 ","$13,596,500 ","$19,737,281 ",-,-,"$166,124,170 "
2016,10,Toronto Blue Jays,0.549,36,"$138,232,539 ","$1,000,000 ","$20,377,867 ","$4,083,200 ",-,"$160,018,579 "
2016,11,Baltimore Orioles,0.549,35,"$144,407,663 ","$2,650,245 ","$9,772,773 ","$3,061,000 ",-,"$157,248,432 "
2016,12,New York Mets,0.537,38,"$101,798,286 ","$39,822,605 ","$15,086,624 ",-,-,"$156,707,515 "
2016,13,Seattle Mariners,0.531,35,"$131,833,221 ","$4,036,934 ","$18,595,790 ","$3,556,000 ",-,"$155,200,753 "
2016,14,Washington Nationals,0.586,35,"$119,216,458 ","$5,869,400 ","$28,402,786 ","$515,900 ",-,"$153,578,852 "
2016,15,Kansas City Royals,0.5,35,"$106,349,212 ","$20,825,000 ","$17,943,664 ","$1,016,000 ",-,"$145,320,358 "
2016,16,Chicago White Sox,0.481,35,"$88,724,466 ","$12,024,268 ","$40,459,452 ",-,-,"$141,208,186 "
2016,17,San Diego Padres,0.42,35,"$21,580,892 ","$13,711,664 ","$100,885,860 ","$1,016,800 ",-,"$136,211,702 "
2016,18,Colorado Rockies,0.463,37,"$88,354,041 ","$1,289,832 ","$29,394,562 ","$3,037,000 ",-,"$120,586,480 "
2016,19,Philadelphia Phillies,0.438,37,"$53,797,706 ","$22,025,303 ","$37,239,432 ","$6,166,668 ",-,"$119,229,109 "
2016,20,Cleveland Indians,0.584,37,"$61,284,062 ","$11,875,000 ","$40,928,665 ","$2,015,000 ","$1,000,000 ","$116,134,868 "
2016,21,Houston Astros,0.519,34,"$75,441,606 ","$6,968,124 ","$30,877,884 ","$2,507,500 ",-,"$114,751,042 "
2016,22,Cincinnati Reds,0.42,31,"$63,783,665 ","$11,856,070 ","$36,389,857 ","$4,953,000 ",-,"$114,153,537 "
2016,23,Atlanta Braves,0.422,35,"$46,917,344 ","$8,116,832 ","$56,446,677 ","$4,650,000 ",-,"$111,278,633 "
2016,24,Minnesota Twins,0.364,31,"$61,165,450 ","$24,241,532 ","$18,256,694 ","$3,782,000 ",-,"$106,525,357 "
2016,25,Pittsburgh Pirates,0.484,34,"$57,311,465 ","$10,861,276 ","$37,616,451 ","$2,030,000 ",-,"$105,866,836 "
2016,26,Arizona Diamondbacks,0.426,35,"$78,823,003 ","$1,051,200 ","$23,266,991 ","$3,561,200 ",-,"$103,686,382 "
2016,27,Oakland Athletics,0.426,34,"$27,854,151 ","$19,754,414 ","$52,408,897 ","$507,500 ",-,"$100,189,388 "
2016,28,Miami Marlins,0.491,37,"$60,842,038 ","$3,300,000 ","$16,778,459 ","$6,199,500 ",-,"$84,461,206 "
2016,29,Milwaukee Brewers,0.451,35,"$49,464,613 ","$2,517,700 ","$21,481,197 ","$4,262,100 ",-,"$75,343,291 "
2016,30,Tampa Bay Rays,0.42,33,"$36,226,000 ","$5,226,100 ","$27,698,548 ","$3,537,000 ",-,"$71,429,749 "
2015,1,Los Angeles Dodgers,0.568,38,"$199,977,688 ","$20,914,084 ","$92,746,695 ","$16,826,000 ",-,"$324,157,580 "
2015,2,New York Yankees,0.537,40,"$187,271,441 ","$24,415,379 ","$17,634,561 ","$2,542,500 ","$507,500 ","$230,223,373 "
2015,3,Boston Red Sox,0.481,35,"$95,030,446 ","$42,985,571 ","$82,616,077 ","$1,522,500 ",-,"$220,654,278 "
2015,4,San Francisco Giants,0.519,36,"$133,109,385 ","$38,423,837 ","$24,914,789 ","$3,732,500 ",-,"$199,006,330 "
2015,5,Washington Nationals,0.512,39,"$146,009,803 ","$17,556,549 ","$6,614,100 ","$507,500 ",-,"$170,269,195 "
2015,6,Detroit Tigers,0.46,37,"$109,879,336 ","$27,072,978 ","$31,733,707 ",-,-,"$168,686,021 "
2015,7,Texas Rangers,0.543,38,"$124,525,876 ","$13,135,760 ","$30,553,970 ","$2,560,000 ",-,"$168,630,607 "
2015,8,Los Angeles Angels,0.525,39,"$106,512,083 ","$19,015,000 ","$27,862,222 ","$4,241,500 ",-,"$155,166,662 "
2015,9,Philadelphia Phillies,0.389,33,"$52,800,331 ","$33,290,177 ","$61,664,664 ","$6,302,666 ",-,"$151,667,639 "
2015,10,Toronto Blue Jays,0.574,37,"$106,426,104 ","$6,382,500 ","$31,529,764 ","$3,578,100 ",-,"$144,624,464 "
2015,11,Chicago Cubs,0.599,37,"$106,652,384 ","$1,000,000 ","$31,368,617 ","$3,757,500 ",-,"$140,705,810 "
2015,12,St. Louis Cardinals,0.617,38,"$128,814,787 ","$3,195,000 ","$6,324,000 ","$3,552,500 ",-,"$138,502,951 "
2015,13,Kansas City Royals,0.59,36,"$111,740,891 ","$10,483,450 ","$9,608,682 ","$2,538,200 ",-,"$132,090,935 "
2015,14,Seattle Mariners,0.469,33,"$95,874,782 ","$1,383,169 ","$28,615,021 ","$4,538,400 ",-,"$128,739,173 "
2015,15,Baltimore Orioles,0.5,37,"$93,958,315 ","$1,245,000 ","$27,390,784 ","$2,566,500 ",-,"$122,898,676 "
2015,16,Chicago White Sox,0.469,32,"$94,365,735 ","$507,500 ","$13,049,852 ","$1,950,000 ","$13,000,000 ","$122,873,087 "
2015,17,Cincinnati Reds,0.395,35,"$68,445,559 ","$22,890,777 ","$30,778,737 ","$1,525,000 ",-,"$122,279,047 "
2015,18,Atlanta Braves,0.414,33,"$55,022,799 ","$11,263,899 ","$55,126,749 ","$1,522,500 ",-,"$121,657,489 "
2015,19,New York Mets,0.556,38,"$102,480,260 ","$5,551,249 ","$6,751,900 ","$6,837,900 ",-,"$120,871,627 "
2015,20,Colorado Rockies,0.42,38,"$74,930,648 ","$5,862,600 ","$37,800,868 ","$1,527,500 ",-,"$118,895,781 "
2015,21,San Diego Padres,0.457,37,"$93,212,255 ","$11,029,819 ","$7,251,222 ","$1,568,000 ",-,"$111,899,272 "
2015,22,Minnesota Twins,0.512,35,"$101,448,147 ","$520,081 ","$8,847,500 ","$2,575,000 ",-,"$111,329,318 "
2015,23,Pittsburgh Pirates,0.605,33,"$81,904,030 ","$14,318,868 ","$9,004,768 ","$3,548,000 ",-,"$105,680,606 "
2015,24,Milwaukee Brewers,0.42,34,"$58,772,714 ","$1,020,000 ","$40,768,458 ","$4,120,000 ",-,"$101,268,873 "
2015,25,Houston Astros,0.531,33,"$64,818,398 ","$11,040,900 ","$20,585,680 ","$5,545,000 ",-,"$97,791,846 "
2015,26,Arizona Diamondbacks,0.488,39,"$45,142,733 ","$1,026,500 ","$48,186,328 ","$900,000 ",-,"$94,503,101 "
2015,27,Oakland Athletics,0.42,34,"$41,897,450 ","$8,772,896 ","$34,243,089 ","$2,537,500 ",-,"$85,151,830 "
2015,28,Cleveland Indians,0.503,36,"$45,520,977 ","$680,720 ","$36,427,830 ","$3,907,077 ",-,"$84,015,193 "
2015,29,Tampa Bay Rays,0.494,35,"$52,092,948 ","$8,440,963 ","$21,305,597 ","$3,337,500 ",-,"$82,382,552 "
2015,30,Miami Marlins,0.438,32,"$28,171,144 ","$15,751,830 ","$36,697,990 ","$1,015,000 ",-,"$80,759,625 "
2014,1,Los Angeles Dodgers,0.58,36,"$234,143,645 ","$1,500,000 ","$7,208,984 ","$3,700,000 ",-,"$246,552,629 "
2014,2,New York Yankees,0.519,37,"$198,020,464 ",-,"$18,805,748 ","$1,022,125 ",-,"$216,940,731 "
2014,3,Philadelphia Phillies,0.451,30,"$145,123,014 ","$25,000,000 ","$8,784,331 ","$3,500,000 ",-,"$179,582,205 "
2014,4,Detroit Tigers,0.556,36,"$148,009,969 ","$16,310,000 ","$10,744,647 ","$1,504,000 ",-,"$175,485,620 "
2014,5,Boston Red Sox,0.438,38,"$95,417,971 ",-,"$65,615,033 ","$500,000 ",-,"$174,313,058 "
2014,6,Los Angeles Angels,0.607,41,"$132,451,972 ",-,"$35,814,679 ","$900,000 ",-,"$169,166,651 "
2014,7,San Francisco Giants,0.543,42,"$152,735,333 ",-,"$12,185,249 ","$750,000 ",-,"$165,020,582 "
2014,8,Toronto Blue Jays,0.512,37,"$122,125,961 ","$3,000,000 ","$13,095,911 ","$11,500,000 ",-,"$149,721,872 "
2014,9,Washington Nationals,0.593,38,"$142,257,210 ","$77,160 ","$3,680,712 ",-,-,"$146,015,082 "
2014,10,Texas Rangers,0.414,48,"$130,309,240 ","$502,163 ","$13,524,780 ",-,-,"$144,336,183 "
2014,11,St. Louis Cardinals,0.556,38,"$114,533,043 ",-,"$10,366,986 ","$1,000,000 ",-,"$125,900,029 "
2014,12,Atlanta Braves,0.488,39,"$102,713,304 ",-,"$18,258,492 ","$1,000,000 ",-,"$121,023,707 "
2014,13,Seattle Mariners,0.537,40,"$100,830,060 ",-,"$16,994,114 ","$1,700,000 ",-,"$120,524,174 "
2014,14,Milwaukee Brewers,0.506,36,"$108,174,589 ",-,"$8,320,491 ","$1,000,000 ",-,"$116,577,046 "
2014,15,Cincinnati Reds,0.469,35,"$99,229,931 ","$6,000,000 ","$9,072,111 ","$2,714,285 ",-,"$115,532,718 "
2014,16,Baltimore Orioles,0.593,37,"$108,470,318 ",-,"$3,572,926 ","$3,225,000 ",-,"$114,852,943 "
2014,17,Arizona Diamondbacks,0.395,40,"$68,514,917 ","$9,500,000 ","$35,024,272 ","$2,500,000 ",-,"$113,372,519 "
2014,18,Kansas City Royals,0.549,36,"$90,536,848 ",-,"$12,663,152 ","$3,335,000 ",-,"$106,535,000 "
2014,19,Colorado Rockies,0.407,39,"$96,456,583 ",-,"$3,835,095 ",-,-,"$100,291,678 "
2014,20,New York Mets,0.488,33,"$73,675,535 ","$345,811 ","$24,727,782 ","$3,025,000 ",-,"$99,914,837 "
2014,21,Chicago White Sox,0.451,31,"$60,305,897 ",-,"$37,499,849 ","$1,512,400 ",-,"$98,309,336 "
2014,22,Oakland Athletics,0.543,35,"$65,760,582 ","$733,879 ","$26,020,236 ","$5,375,000 ",-,"$96,933,412 "
2014,23,Chicago Cubs,0.451,38,"$53,604,470 ",-,"$40,583,034 ","$2,203,500 ",-,"$95,439,741 "
2014,24,Minnesota Twins,0.432,34,"$72,140,448 ",-,"$21,573,337 ","$500,000 ",-,"$93,730,178 "
2014,25,Cleveland Indians,0.525,34,"$60,720,646 ",-,"$28,828,430 ","$1,930,000 ",-,"$89,894,429 "
2014,26,San Diego Padres,0.479,39,"$67,296,350 ","$501,400 ","$21,001,443 ","$2,002,000 ",-,"$89,408,667 "
2014,27,Tampa Bay Rays,0.475,40,"$63,704,707 ",-,"$20,791,839 ",-,-,"$84,496,546 "
2014,28,Pittsburgh Pirates,0.543,31,"$68,883,439 ","$505,500 ","$10,084,770 ","$1,950,000 ",-,"$79,737,915 "
2014,29,Houston Astros,0.432,38,"$41,637,464 ","$3,594,262 ","$10,289,290 ","$1,500,000 ",-,"$55,917,190 "
2014,30,Miami Marlins,0.475,35,"$42,731,780 ",-,"$8,877,016 ",-,-,"$51,608,796 "
2013,1,New York Yankees,0.525,40,"$219,768,301 ","$2,900,000 ","$17,774,850 ","$3,008,675 ",-,"$242,418,340 "
2013,2,Los Angeles Dodgers,0.568,39,"$207,344,759 ","$505,000 ","$24,796,716 ","$7,977,500 ",-,"$238,943,975 "
2013,3,Boston Red Sox,0.602,42,"$163,018,895 ",-,"$10,168,403 ","$3,630,000 ",-,"$175,561,764 "
2013,4,Philadelphia Phillies,0.451,40,"$153,273,261 ","$1,755,291 ","$11,634,927 ","$980,000 ",-,"$166,864,298 "
2013,5,Detroit Tigers,0.574,32,"$145,423,867 ","$3,994,000 ","$7,340,272 ",-,-,"$156,758,139 "
2013,6,Texas Rangers,0.558,39,"$114,162,497 ","$10,465,901 ","$19,286,400 ","$2,461,100 ",-,"$144,119,546 "
2013,7,San Francisco Giants,0.469,37,"$135,382,980 ","$2,498,000 ","$5,452,877 ","$490,500 ",-,"$143,575,086 "
2013,8,Los Angeles Angels,0.481,35,"$116,449,230 ","$870,218 ","$24,665,171 ","$1,963,000 ",-,"$142,255,103 "
2013,9,Toronto Blue Jays,0.457,41,"$118,289,792 ",-,"$8,048,565 ","$10,690,000 ",-,"$134,206,168 "
2013,10,St. Louis Cardinals,0.599,40,"$115,053,922 ",-,"$12,134,276 ","$980,000 ",-,"$127,244,427 "
2013,11,Washington Nationals,0.531,38,"$106,761,470 ","$491,000 ","$8,950,010 ","$2,980,000 ",-,"$118,296,194 "
2013,12,Chicago White Sox,0.389,35,"$82,929,539 ",-,"$32,964,103 ","$980,000 ",-,"$116,078,395 "
2013,13,Chicago Cubs,0.407,38,"$48,057,243 ","$6,763,715 ","$53,473,730 ","$5,690,000 ",-,"$112,621,299 "
2013,14,Cincinnati Reds,0.556,34,"$97,657,483 ","$4,773,114 ","$6,842,400 ","$2,180,000 ",-,"$110,647,040 "
2013,15,New York Mets,0.457,39,"$70,361,236 ","$500,625 ","$37,627,743 ","$1,976,144 ",-,"$109,230,814 "
2013,16,Baltimore Orioles,0.525,40,"$96,366,019 ","$2,000,000 ","$6,716,209 ","$490,000 ",-,"$105,125,069 "
2013,17,Cleveland Indians,0.568,35,"$75,279,465 ","$1,602,603 ","$19,210,168 ","$2,668,600 ",-,"$98,304,997 "
2013,18,Atlanta Braves,0.593,35,"$86,661,842 ","$7,739,750 ","$3,057,172 ","$1,471,250 ",-,"$97,802,150 "
2013,19,Arizona Diamondbacks,0.5,34,"$78,126,043 ",-,"$14,786,749 ","$2,947,500 ",-,"$93,186,478 "
2013,20,Milwaukee Brewers,0.457,35,"$69,142,690 ","$1,473,000 ","$9,266,153 ","$980,000 ","$9,500,000 ","$89,668,345 "
2013,21,Kansas City Royals,0.531,40,"$76,594,673 ",-,"$10,999,663 ","$1,870,000 ",-,"$88,998,434 "
2013,22,Minnesota Twins,0.407,35,"$56,942,945 ","$1,665,000 ","$23,297,194 ","$6,480,000 ",-,"$87,672,898 "
2013,23,Colorado Rockies,0.457,39,"$74,020,354 ",-,"$9,769,705 ","$4,265,500 ",-,"$87,581,624 "
2013,24,Seattle Mariners,0.438,34,"$63,266,296 ","$492,200 ","$19,820,466 ","$980,000 ",-,"$83,822,622 "
2013,25,Pittsburgh Pirates,0.58,37,"$65,262,905 ","$2,500,000 ","$7,933,570 ","$4,098,000 ",-,"$78,582,184 "
2013,26,Tampa Bay Rays,0.564,40,"$67,029,393 ","$3,270,436 ","$6,425,500 ","$490,000 ",-,"$76,776,203 "
2013,27,San Diego Padres,0.469,40,"$63,615,894 ","$605,000 ","$11,228,201 ","$1,472,800 ",-,"$75,639,341 "
2013,28,Oakland Athletics,0.593,38,"$62,190,572 ","$2,875,000 ","$9,754,590 ","$490,000 ",-,"$74,825,517 "
2013,29,Miami Marlins,0.383,37,"$25,358,327 ","$2,430,000 ","$12,118,466 ","$2,450,000 ",-,"$41,250,342 "
2013,30,Houston Astros,0.315,33,"$11,675,066 ","$893,384 ","$23,210,661 ","$1,290,000 ",-,"$36,865,613 "
2012,1,New York Yankees,0.586,42,"$214,936,932 ",-,"$15,905,424 ",-,-,"$230,842,356 "
2012,2,Boston Red Sox,0.426,47,"$168,455,280 ",-,"$15,428,771 ",-,-,"$183,884,051 "
2012,3,Philadelphia Phillies,0.5,45,"$169,582,490 ",-,"$11,271,433 ",-,-,"$180,853,923 "
2012,4,Los Angeles Angels,0.549,36,"$153,844,690 ",-,"$4,482,635 ",-,-,"$158,327,325 "
2012,5,Texas Rangers,0.574,40,"$134,976,346 ",-,"$13,775,000 ",-,-,"$148,751,346 "
2012,6,Detroit Tigers,0.543,42,"$138,762,284 ",-,"$7,424,500 ",-,-,"$146,186,784 "
2012,7,San Francisco Giants,0.58,41,"$122,825,338 ",-,"$17,932,367 ",-,-,"$140,757,705 "
2012,8,St. Louis Cardinals,0.543,44,"$118,985,685 ",-,"$8,248,484 ",-,-,"$127,234,169 "
2012,9,Chicago Cubs,0.377,50,"$83,799,366 ",-,"$43,159,860 ",-,-,"$126,959,226 "
2012,10,Los Angeles Dodgers,0.531,45,"$112,952,717 ",-,"$10,769,100 ",-,-,"$123,721,817 "
2012,11,Minnesota Twins,0.407,49,"$109,130,327 ",-,"$10,846,500 ",-,-,"$119,976,827 "
2012,12,Milwaukee Brewers,0.512,47,"$108,461,584 ",-,"$8,543,716 ",-,-,"$117,005,300 "
2012,13,Chicago White Sox,0.525,40,"$108,250,892 ",-,"$4,594,711 ",-,-,"$112,845,603 "
2012,14,New York Mets,0.457,43,"$101,930,952 ",-,"$9,299,524 ",-,-,"$111,230,476 "
2012,15,Toronto Blue Jays,0.451,42,"$90,559,953 ",-,"$11,610,269 ","$650,000 ",-,"$102,820,222 "
2012,16,Miami Marlins,0.426,40,"$81,018,688 ",-,"$20,648,670 ","$850,000 ",-,"$101,791,674 "
2012,17,Washington Nationals,0.605,43,"$95,836,048 ",-,"$3,562,765 ","$2,000,000 ",-,"$101,398,813 "
2012,18,Atlanta Braves,0.58,37,"$86,492,616 ",-,"$13,785,440 ",-,-,"$100,278,056 "
2012,19,Cincinnati Reds,0.599,40,"$89,101,498 ",-,"$2,178,300 ","$800,000 ",-,"$92,079,798 "
2012,20,Seattle Mariners,0.463,45,"$73,220,850 ",-,"$17,768,580 ",-,-,"$90,989,430 "
2012,21,Colorado Rockies,0.395,43,"$77,376,456 ",-,"$12,288,425 ",-,-,"$89,664,881 "
2012,22,Baltimore Orioles,0.574,41,"$80,099,381 ",-,"$9,462,987 ",-,-,"$89,562,368 "
2012,23,Arizona Diamondbacks,0.5,41,"$73,439,259 ",-,"$9,790,513 ","$1,183,333 ",-,"$84,413,105 "
2012,24,Cleveland Indians,0.42,51,"$71,325,549 ",-,"$8,708,989 ",-,-,"$80,034,538 "
2012,25,Kansas City Royals,0.444,45,"$66,385,000 ",-,"$6,979,235 ","$1,380,000 ",-,"$74,744,235 "
2012,26,Tampa Bay Rays,0.556,38,"$68,232,330 ",-,"$4,369,900 ",-,-,"$72,602,230 "
2012,27,San Diego Padres,0.469,39,"$60,061,913 ",-,"$8,493,000 ","$747,500 ",-,"$69,782,413 "
2012,28,Oakland Athletics,0.58,45,"$56,723,737 ",-,"$10,899,758 ",-,-,"$67,623,495 "
2012,29,Houston Astros,0.34,43,"$23,728,500 ",-,"$40,985,839 ",-,-,"$64,714,339 "
2012,30,Pittsburgh Pirates,0.488,44,"$58,617,066 ",-,"$4,327,803 ",-,-,"$62,944,869 "
2011,1,New York Yankees,0.599,41,"$212,609,678 ",-,"$3,225,000 ",-,-,"$215,834,678 "
2011,2,Boston Red Sox,0.556,47,"$164,517,590 ",-,"$18,117,978 ",-,-,"$182,431,961 "
2011,3,Philadelphia Phillies,0.63,38,"$169,849,882 ",-,"$3,027,300 ",-,-,"$172,877,182 "
2011,4,Los Angeles Angels,0.531,38,"$133,613,959 ",-,"$14,995,600 ",-,-,"$148,609,559 "
2011,5,Chicago Cubs,0.438,40,"$124,652,698 ",-,"$22,802,050 ",-,-,"$147,454,748 "
2011,6,New York Mets,0.475,39,"$96,577,418 ",-,"$50,855,923 ",-,-,"$147,433,341 "
2011,7,San Francisco Giants,0.531,39,"$124,882,250 ",-,"$4,466,000 ",-,-,"$129,348,250 "
2011,8,Chicago White Sox,0.488,39,"$114,834,951 ",-,"$12,996,002 ",-,-,"$127,830,953 "
2011,9,St. Louis Cardinals,0.556,40,"$116,356,544 ",-,"$5,683,564 ","$700,000 ",-,"$122,740,108 "
2011,10,Minnesota Twins,0.389,29,"$106,871,000 ",-,"$10,738,594 ",-,-,"$117,609,594 "
2011,11,Los Angeles Dodgers,0.509,41,"$98,679,615 ",-,"$17,089,300 ",-,-,"$115,768,915 "
2011,12,Texas Rangers,0.593,39,"$99,272,920 ",-,"$14,093,801 ",-,-,"$113,366,721 "
2011,13,Detroit Tigers,0.586,36,"$111,271,015 ",-,"$1,266,900 ",-,-,"$112,537,915 "
2011,14,Seattle Mariners,0.414,42,"$88,907,834 ",-,"$14,676,314 ",-,-,"$103,584,148 "
2011,15,Atlanta Braves,0.549,43,"$98,521,630 ",-,"$2,457,200 ",-,-,"$100,978,830 "
2011,16,Baltimore Orioles,0.426,49,"$94,391,741 ",-,"$2,698,300 ",-,-,"$97,090,041 "
2011,17,Milwaukee Brewers,0.593,45,"$92,127,802 ",-,"$4,565,000 ",-,-,"$96,692,802 "
2011,18,Houston Astros,0.346,42,"$72,098,000 ",-,"$17,578,503 ",-,-,"$89,676,503 "
2011,19,Colorado Rockies,0.451,32,"$77,731,972 ",-,"$8,540,098 ",-,-,"$86,272,070 "
2011,20,Cincinnati Reds,0.488,38,"$79,612,874 ",-,"$5,967,672 ",-,-,"$85,580,546 "
2011,21,Toronto Blue Jays,0.5,38,"$56,304,461 ",-,"$24,138,143 ",-,-,"$80,442,604 "
2011,22,Oakland Athletics,0.457,45,"$69,967,475 ",-,"$8,535,573 ",-,-,"$78,503,048 "
2011,23,Washington Nationals,0.497,44,"$72,988,723 ",-,"$3,197,100 ","$2,000,000 ",-,"$78,185,823 "
2011,24,Arizona Diamondbacks,0.58,38,"$57,930,520 ",-,"$13,306,951 ","$900,000 ",-,"$72,137,471 "
2011,25,Florida Marlins,,41,"$63,287,393 ",-,"$2,720,000 ",-,-,"$66,007,393 "
2011,26,Pittsburgh Pirates,0.444,45,"$46,784,667 ",-,"$18,088,760 ",-,-,"$64,873,427 "
2011,27,Kansas City Royals,0.438,34,"$38,803,600 ",-,"$24,084,673 ","$1,380,000 ",-,"$64,268,273 "
2011,28,San Diego Padres,0.438,37,"$47,418,810 ",-,"$14,591,700 ",-,-,"$62,010,510 "
2011,29,Cleveland Indians,0.494,45,"$55,960,593 ",-,"$4,980,000 ",-,-,"$60,940,593 "
2011,30,Tampa Bay Rays,0.562,38,"$45,728,532 ",-,"$5,142,000 ",-,-,"$50,870,532 "